{"mean_reward": 206.92077030000002, "std_reward": 53.52637924154386, "is_deterministic": true, "n_eval_episodes": 10, "eval_datetime": "2024-06-02T21:59:18.956929"}